focalLength,weight,gonadalWeight,maturityStage,species,Sex
72.8,8.02,9.05,II,Big Eye ,F
81.2,9.48,18.27,II,Big Eye ,F
73.7,8.28,7.05,II,Big Eye ,M
74.5,7.54,5.59,II,Big Eye ,M
75.5,8.5,12.67,II,Big Eye ,F
76,8.41,9.99,II,Big Eye ,F
78,8.83,29.99,II,Big Eye ,F
75,7.91,25.06,II,Big Eye ,F
74.7,7.79,24.07,II,Big Eye ,F
73.5,7.64,4.21,II,Big Eye ,M
71.8,6.87,8.55,II,Big Eye ,F
72,7.44,29.99,II,Big Eye ,F
74.1,8.105,5.48,II,Big Eye ,M
80.1,9.17,9.65,II,Big Eye ,M
77.8,7.99,15.39,II,Big Eye ,F
80.5,9.05,20.62,II,Big Eye ,F
73.7,7.66,10,II,Big Eye ,F
75.3,8.35,3.94,II,Big Eye ,M
74.2,7.79,9.99,II,Big Eye ,M
73.9,8.27,4.37,II,Big Eye ,M
75.6,8.33,7.33,II,Big Eye ,M
100,19,317.66,IV,Big Eye ,F
93.3,12.23,48.56,II,Big Eye ,F
63.3,9.4,3.28,I,Big Eye ,M
78.2,7.935,7.2,I,Big Eye ,M
90,9.53,42.87,II,Big Eye ,F
75.5,6.655,4.85,II,Big Eye ,M
82.1,9.495,6.91,I,Big Eye ,M
82.5,9.01,34.89,II,Big Eye ,F
89.4,11.75,60.28,II,Big Eye ,F
63,3.82,48.56,I,Big Eye ,M
56,2.985,3.28,V,Big Eye ,M
63,3.675,7.2,I,Big Eye ,F
58,3.06,42.87,I,Big Eye ,M
57,2.44,4.85,I,Big Eye ,M
59,3.32,6.91,II,Big Eye ,F
60,3.625,34.89,I,Big Eye ,M
60,3.41,60.28,I,Big Eye ,M
72.8,6.21,2.02,I,Big Eye ,M
73,6.81,3.17,I,Big Eye ,M
65.1,4.375,1.92,I,Big Eye ,M
67.2,4.82,2.94,I,Big Eye ,M
61.2,4.265,2.57,I,Big Eye ,M
64.3,4.13,9.95,I,Big Eye ,M
62.1,3.58,2.96,I,Big Eye ,M
61.2,4.01,3.74,I,Big Eye ,M
71.5,5.27,3.53,I,Big Eye ,F
92.7,12.3,6.92,II,Big Eye ,M
77,7.01,14.23,I,Big Eye ,F
93.5,13.6,14.86,I,Big Eye ,M
80.5,6.5,9.37,I,Big Eye ,F
96,13.3,51.1,II,Big Eye ,F
97.3,15.3,12.62,II,Big Eye ,M
95.8,13.6,11.88,I,Big Eye ,M
92.1,12.3,55.19,II,Big Eye ,F
51,2.405,51.1,II,Big Eye ,M
55,2.835,12.62,I,Big Eye ,M
54,2.44,11.88,I,Big Eye ,M
53,2.465,55.19,II,Big Eye ,M
53,2.45,0,II,Big Eye ,M
55,2.745,0,I,Big Eye ,M
92,13.5,255,IV,Big Eye ,F
94.5,13.5,49,IV,Big Eye ,F
76,6.5,0,V,Big Eye ,M
104,19.5,359.24,IV,Big Eye ,M
95,15.5,357.7,IV,Big Eye ,M
94,13.85,236.97,IV,Big Eye ,M
78,11,190.76,IV,Big Eye ,F
103,17,152.2,IV,Big Eye ,M
96,14,361.85,IV,Big Eye ,F
96,15,9.26,IV,Big Eye ,F
104.5,17.5,363.33,IV,Big Eye ,F
87,11.5,168.86,IV,Big Eye ,M
95,13.5,307.27,III,Big Eye ,F
92,14,238.94,IV,Big Eye ,M
100,17,105,IV,Big Eye ,M
105.5,18,178.49,IV,Big Eye ,M
93,13.5,255.86,IV,Big Eye ,M
95,13.5,58.85,II,Big Eye ,F
95,14,79.51,III,Big Eye ,M
92,12.5,214.78,IV,Big Eye ,F
93,12,144.48,IV,Big Eye ,M
99,15.5,264.44,IV,Big Eye ,M
99,15.5,264.44,IV,Big Eye ,M
99,16.5,189.45,IV,Big Eye ,M
92,14,207.35,IV,Big Eye ,M
91,12.5,195.29,IV,Big Eye ,F
93.5,15.25,294.19,IV,Big Eye ,F
90,12.5,237.46,IV,Big Eye ,F
97.5,16.55,269.94,IV,Big Eye ,M
99,15.5,178.67,IV,Big Eye ,M
88,11,158.62,IV,Big Eye ,M
86,10,93.48,IV,Big Eye ,F
103,16.5,98.27,III,Big Eye ,M
103,17,218.75,IV,Big Eye ,M
92,12,163.03,IV,Big Eye ,M
55,2.765,,I,Big Eye ,F
56,3.015,,I,Big Eye ,F
52,2.235,,IV,Big Eye ,M
83,9.94,,IV,Big Eye ,M
83,10.63,,IV,Big Eye ,M
81,9.275,,IV,Big Eye ,M
57.5,2.6,0,I,Big Eye ,M
63,3.7,0,I,Big Eye ,M
61.5,3,0,I,Big Eye ,M
55.1,2.1,0,I,Big Eye ,M
59.2,2.8,0,I,Big Eye ,M
57.9,3.1,0,I,Big Eye ,M
58.2,3,0,I,Big Eye ,M
56.5,2.2,0,I,Big Eye ,M
55.3,2.1,0,I,Big Eye ,M
53.7,1.7,0,I,Big Eye ,M
57.5,2.4,0,I,Big Eye ,M
56.7,2,0,I,Big Eye ,M
57.7,2.7,0,I,Big Eye ,M
52.7,1.8,0,I,Big Eye ,M
55,2.2,0,I,Big Eye ,M
55.7,2.4,5.35,I,Big Eye ,F
55.9,1.5,0.44,I,Big Eye ,F
57,2,0,I,Big Eye ,M
55,1.6,0,I,Big Eye ,M
58,2.6,0,I,Big Eye ,M
53.5,1.7,0,I,Big Eye ,M
57.2,2.4,0,I,Big Eye ,M
59.5,1.4,0,I,Big Eye ,F
56,1.7,0,I,Big Eye ,M
53.5,1.5,0,I,Big Eye ,M
54,1.7,0,I,Big Eye ,M
57.1,2.8,0,I,Big Eye ,M
54,1.5,0,I,Big Eye ,F
56.6,3,0,I,Big Eye ,M
87,11.5,216.75,III,Big Eye ,F
88,11.5,206.9,IV,Big Eye ,M
86.9,11,229,II,Big Eye ,M
89,11,119.33,III,Big Eye ,M
89.5,11,307.24,IV,Big Eye ,F
95.5,14,236.39,III,Big Eye ,M
88,12,369.22,IV,Big Eye ,M
86,11,258.86,III,Big Eye ,M
96,14,23.08,II,Big Eye ,F
90,12,397.37,IV,Big Eye ,F
90,12,169.24,III,Big Eye ,M
104,16,467.06,V,Big Eye ,F
96.5,16,279.37,IV,Big Eye ,M
86,11,335.03,IV,Big Eye ,F
95,15,377.49,III,Big Eye ,M
95.5,16,358.51,IV,Big Eye ,M
88,12,389.11,IV,Big Eye ,F
71,6.31,,I,Big Eye ,M
61,3.715,,I,Big Eye ,M
52,2.175,,I,Big Eye ,M
60,3.2,,IV,Big Eye ,F
50,2.315,,I,Big Eye ,M
58,3.14,80.8,IV,Big Eye ,F
54,2.785,141.6,IV,Big Eye ,F
71,3.3,,I,Big Eye ,M
57,3.163,,I,Big Eye ,M
53,2.35,,IV,Big Eye ,M
58,2.915,72.4,IV,Big Eye ,F
51,2.245,,I,Big Eye ,M
48,1.99,36.4,III,Big Eye ,F
47,1.81,19.7,III,Big Eye ,F
52,2.51,,I,Big Eye ,M
53,2.456,,I,Big Eye ,M
54,2.595,,I,Big Eye ,M
52,2.265,,I,Big Eye ,M
70.2,7,0,II,Big Eye ,M
58.7,3,0,IV,Big Eye ,M
51.2,2.6,0,I,Big Eye ,M
79,7.3,0,III,Big Eye ,M
98.4,10.7,0,I,Big Eye ,M
57,2.7,37.52,V,Big Eye ,F
83.2,8.6,48.3,II,Big Eye ,F
55,2.8,0,I,Big Eye ,M
80.7,8.6,44.55,II,Big Eye ,F
88,10,0,IV,Big Eye ,M
56,1.8,0,I,Big Eye ,M
57,2.6,0,I,Big Eye ,M
94,12.5,0,I,Big Eye ,M
63.5,3.18,11.9,I,Big Eye ,F
94.2,15.42,320,IV,Big Eye ,F
98,16.01,318.15,IV,Big Eye ,F
59,3.36,,II,Big Eye ,M
91,12.65,179,IV,Big Eye ,F
51,2.085,43,III,Big Eye ,F
85,111.17,177.4,IV,Big Eye ,F
86,10.56,125.4,IV,Big Eye ,F
68,5.02,,II,Big Eye ,M
50,2.11,40.3,III,Big Eye ,F
54,2.39,198.9,IV,Big Eye ,F
52,2.71,,II,Big Eye ,M
47,1.95,,II,Big Eye ,M
65,4.9,,II,Big Eye ,M
65,4.095,,II,Big Eye ,M
59,2.255,,II,Big Eye ,M
100,16,299.52,IV,Big Eye ,F
94,13.5,412.76,IV,Big Eye ,F
98,14.5,426.38,IV,Big Eye ,F
96,13.5,294.99,IV,Big Eye ,M
96,13.8,163.56,IV,Big Eye ,M
98,15.5,352.16,IV,Big Eye ,M
93,12.5,268.53,IV,Big Eye ,F
98,14.5,403.17,IV,Big Eye ,F
88,10.2,55,II,Big Eye ,F
79.5,7.6,0,I,Big Eye ,M
80.5,8.5,0,II,Big Eye ,M
77,8.9,0,II,Big Eye ,M
81,8,0,I,Big Eye ,M
58.5,3.4,0,I,Big Eye ,M
57.5,3.1,0,I,Big Eye ,M
59.5,3.6,0,I,Big Eye ,M
100,16,280.7,IV,Big Eye ,M
92,14.75,305,IV,Big Eye ,F
102,17.9,190,IV,Big Eye ,M
88,12,290,IV,Big Eye ,M
90,12,255,IV,Big Eye ,F
96,15,320,IV,Big Eye ,F
94,14,175,IV,Big Eye ,M
97,15,16.6,IV,Big Eye ,F
98,16.5,100.1,IV,Big Eye ,F
96,16,350,IV,Big Eye ,F
96,14,295,IV,Big Eye ,F
95,14,408,V,Big Eye ,M
95,14,408,V,Big Eye ,M
47.1,2,47.01,II,Big Eye ,M
47,2,66.4,III,Big Eye ,M
44.8,1.9,27.92,V,Big Eye ,F
96,15,245,IV,Big Eye ,M
94,14,295,IV,Big Eye ,F
98,14,315,IV,Big Eye ,F
100,17.5,345.31,IV,Big Eye ,M
98,20,266.6,IV,Big Eye ,M
95,14,344.25,IV,Big Eye ,M
93,15,335.14,IV,Big Eye ,M
85,12.5,290.81,IV,Big Eye ,F
94,15,527.78,IV,Big Eye ,M
89,12.5,95,III,Big Eye ,M
100,17,185,IV,Big Eye ,M
94,14,265,IV,Big Eye ,F
100,16,356.82,IV,Big Eye ,F
98,15.7,285,IV,Big Eye ,F
103,19,13.4,IV,Big Eye ,M
77.5,8.8,24.96,II,Big Eye ,F
75.6,6.6,8.36,I,Big Eye ,F
72.5,7.4,0,II,Big Eye ,M
105,19.8,106.51,II,Big Eye ,F
76.5,7,0,IV,Big Eye ,M
103.5,15.5,248.26,IV,Big Eye ,F
97,17.7,0,III,Big Eye ,M
128,38,0,II,Big Eye ,M
109,15.8,0,IV,Big Eye ,M
91,11.9,0,III,Big Eye ,M
71,6.2,0,I,Big Eye ,F
102,17.6,0,II,Big Eye ,M
195,35,0,IV,Big Eye ,M
164,32,0,V,Big Eye ,F
226,0.45,32,V,Big Eye ,F
193,0.5,765,IV,Big Eye ,F
63,4.09,,I,Big Eye ,F
56,3.16,,I,Big Eye ,M
63,4.24,,I,Big Eye ,F
79,7.945,,I,Big Eye ,M
104.5,22,1546.7,III,Big Eye ,F
109,23,648,III,Big Eye ,F
98,17,,III,Big Eye ,M
85,10.42,,I,Big Eye ,M
84,9.475,,I,Big Eye ,M
88,12.5,198.47,III,Big Eye ,F
87,13,,III,Big Eye ,M
108,23,,II,Big Eye ,M
72,5.89,0,I,Big Eye ,M
100,16.2,67.6,V,Big Eye ,F
74,7,10.22,I,Big Eye ,F
68,5.185,,I,Big Eye ,M
70,5.445,,I,Big Eye ,F
67,5.325,,I,Big Eye ,M
68,5.09,,I,Big Eye ,F
69,5.245,,I,Big Eye ,F
67.5,5.32,,I,Big Eye ,M
70,5.295,,I,Big Eye ,M
66.5,5.05,,I,Big Eye ,F
66,4.6,,I,Big Eye ,F
40.5,1.24,27.18,IV,Frigate,M
40.2,1.253,47.08,III,Frigate,F
41.4,1.305,21.11,III,Frigate,M
39.4,1.13,41.4,IV,Frigate,M
40.5,1.185,40.4,IV,Frigate,F
41.4,1.35,44.87,IV,Frigate,M
41.2,1.09,42.38,IV,Frigate,F
40,1.14,30.01,IV,Frigate,M
42.4,1.33,34.45,IV,Frigate,M
41.1,1.13,47.49,IV,Frigate,M
36.5,0.892,23.13,IV,Frigate,M
41.9,1.42,38.38,IV,Frigate,M
39.8,1.18,39.38,IV,Frigate,F
35.8,0.68,26.12,V,Frigate,F
42.4,1.44,51.91,IV,Frigate,M
48,1.76,,II,Frigate,M
57,2.33,,II,Frigate,M
47.03,18.9,23.26,II,Frigate,M
35,0.49,1.2,II,Frigate,M
36,0.67,3.89,IV,Frigate,F
34,0.57,1.18,II,Frigate,M
36,0.53,2.97,III,Frigate,F
34.5,0.55,0,V,Frigate,M
34,0.57,0.63,I,Frigate,M
38,0.68,3.31,III,Frigate,F
35,0.53,3.14,V,Frigate,F
33,0.54,3.34,III,Frigate,F
42,1.02,11.74,V,Frigate,F
35.5,0.66,4.75,V,Frigate,F
35,0.7,4.32,V,Frigate,F
35,0.56,3.05,II,Frigate,F
36,0.64,3.2,IV,Frigate,M
35,0.7,0,I,Frigate,M
37,0.58,2.3,II,Frigate,F
34,0.37,2.05,II,Frigate,F
37,0.6,4.15,III,Frigate,F
34,0.49,1.68,II,Frigate,F
34,0.57,0.43,I,Frigate,M
42,1.11,9.5,IV,Frigate,M
34,0.47,0.32,I,Frigate,M
38,0.69,3.83,III,Frigate,F
35,0.64,4.65,III,Frigate,F
38,0.67,4.15,III,Frigate,F
35,0.42,2.97,II,Frigate,F
35,0.68,3.22,IV,Frigate,M
36.5,0.58,3.76,III,Frigate,F
36.5,0.46,0.46,I,Frigate,M
39,0.71,5.2,V,Frigate,F
33,0.595,0,II,Frigate,M
32,0.55,0,II,Frigate,M
33,0.55,0,II,Frigate,M
33,0.56,0,II,Frigate,M
43,1.195,84.6,IV,Frigate,F
40,1.35,460,II,Frigate,F
42,1.2,0,II,Frigate,M
41,1.09,0,II,Frigate,M
42,1.175,12.5,I,Frigate,F
41,1.165,32.5,II,Frigate,F
44,1.4,70,II,Frigate,F
68,5,0,IV,Frigate,M
48,1.8,0,IV,Frigate,M
43,1.2,0,II,Frigate,M
43,1.2,0,II,Frigate,M
44,1.4,0,IV,Frigate,M
46,1.4,0,IV,Frigate,M
38,0.93,,III,Frigate,M
40,0.95,,III,Frigate,M
40,1.02,,III,Frigate,M
39,0.985,62.6,IV,Frigate,F
40,0.895,35.2,III,Frigate,F
42,1.28,,III,Frigate,M
38,0.985,,III,Frigate,M
42.2,0.7,0,I,Frigate,M
41.3,0.7,18.01,III,Frigate,F
40.3,0.7,27.9,IV,Frigate,F
38.1,0.6,0,III,Frigate,M
40.5,0.6,0,III,Frigate,M
38.2,0.6,0,V,Frigate,F
39.3,0.7,0,III,Frigate,M
37.1,0.5,0,II,Frigate,M
38.4,0.6,0,II,Frigate,M
39.6,0.7,0,II,Frigate,M
40.5,0.8,0,III,Frigate,M
38.1,0.7,27.59,IV,Frigate,F
38.2,0.6,20.85,IV,Frigate,F
38.4,0.7,0,II,Frigate,M
38.5,0.6,0,II,Frigate,M
38.3,0.7,14.04,IV,Frigate,F
40.1,0.7,21.45,IV,Frigate,F
40.1,0.7,20.4,IV,Frigate,F
39.5,0.8,0,II,Frigate,M
38.7,0.7,0,II,Frigate,M
38.7,0.6,0,III,Frigate,M
41.1,1,0,III,Frigate,M
39.5,0.5,0,III,Frigate,M
39.5,0.7,0,II,Frigate,M
39.2,0.6,0,II,Frigate,M
40.1,0.8,0,V,Frigate,F
41.1,0.7,33.23,IV,Frigate,F
37.9,0.7,0,III,Frigate,M
37.4,0.5,0,III,Frigate,M
42.6,1,0,III,Frigate,M
40,0.8,0,III,Frigate,M
43.2,1,0,III,Frigate,M
48.5,1.4,0,IV,Frigate,M
40.5,0.8,0,IV,Frigate,M
41.5,0.8,9.34,II,Frigate,F
40.5,0.7,0,III,Frigate,M
39,0.8,18.12,IV,Frigate,F
40,0.9,21.38,IV,Frigate,F
41.5,0.8,0,I,Frigate,F
42,1,0,III,Frigate,M
40.5,0.9,0,IV,Frigate,M
40,0.8,0,III,Frigate,M
43.2,1,0,III,Frigate,M
48.5,1.4,0,IV,Frigate,M
40.5,0.8,0,IV,Frigate,M
41.5,0.8,9.34,II,Frigate,F
40.5,0.7,0,III,Frigate,M
39,0.8,18.12,IV,Frigate,F
40,0.9,21.38,IV,Frigate,F
41.5,0.8,0,I,Frigate,F
42,1,0,III,Frigate,M
40.5,0.9,0,IV,Frigate,M
40,0.8,31.56,IV,Frigate,F
41.5,0.7,0,II,Frigate,M
38,0.6,0,II,Frigate,M
40,0.8,0,II,Frigate,M
43,0.8,8.68,III,Frigate,F
41.5,0.8,0,IV,Frigate,M
40.2,0.7,8.23,III,Frigate,F
40.3,0.7,9.75,III,Frigate,F
41,0.9,27.98,IV,Frigate,F
41.3,0.8,0,IV,Frigate,M
40.2,0.6,16.53,IV,Frigate,F
40.5,0.7,0,IV,Frigate,M
41,0.9,0,III,Frigate,M
40,0.8,11.49,III,Frigate,F
40.5,0.8,13.58,IV,Frigate,F
41.5,1.8,26.91,IV,Frigate,F
44.5,1,26.95,IV,Frigate,F
40,1,14.9,IV,Frigate,F
38.2,0.96,10.13,II,Frigate,F
40,1.085,17.04,II,Frigate,F
33,0.633,6.47,II,Frigate,F
39,0.975,21.07,III,Frigate,M
38.2,0.915,13.34,III,Frigate,M
40,1.055,21.18,II,Frigate,M
38,0.83,10.76,II,Frigate,F
38.5,0.99,17.18,III,Frigate,M
37,0.83,16.64,III,Frigate,M
39,0.925,13.96,II,Frigate,F
40,1.005,13.22,III,Frigate,M
36,0.795,16.82,II,Frigate,F
36.5,0.78,5.9,I,Frigate,F
37.5,0.82,9.49,II,Frigate,M
38,0.895,12.48,III,Frigate,M
39,0.905,24.73,IV,Frigate,F
37,0.83,12.74,V,Frigate,F
40,1.05,14.64,II,Frigate,F
38,0.955,15.97,II,Frigate,F
37,0.81,10.57,III,Frigate,M
36.5,0.81,28.83,II,Frigate,F
38,0.915,17.77,IV,Frigate,F
405,1.15,39.92,IV,Frigate,F
38,0.915,11.94,II,Frigate,M
40,1.09,48.09,IV,Frigate,F
39,0.96,14.17,III,Frigate,M
41,1.5,42.65,IV,Frigate,F
39,0.9,17,IV,Frigate,F
38,0.89,28.3,IV,Frigate,F
39.2,0.91,12.07,II,Frigate,F
34,0.68,12.27,V,Frigate,F
35,0.66,6.27,II,Frigate,F
36,0.71,8.91,V,Frigate,F
37.5,0.81,14.84,II,Frigate,M
42,0.83,48.3,IV,Frigate,F
34.6,0.42,3.94,V,Frigate,F
38,0.84,9.4,V,Frigate,F
42,1.15,5.1,V,Frigate,F
35.2,0.65,9.36,V,Frigate,F
37,0.73,11.25,V,Frigate,F
36,0.65,6.55,II,Frigate,M
37.8,0.75,17.56,V,Frigate,F
35.5,0.705,31.26,V,Frigate,F
34.5,0.56,8.11,II,Frigate,M
36.8,0.55,9.54,II,Frigate,F
39,0.63,22.48,II,Frigate,M
37,0.6,12.85,II,Frigate,M
40.5,0.89,15,V,Frigate,F
37.6,0.42,12.72,II,Frigate,M
36,0.62,11.3,II,Frigate,F
40.5,0.88,11,V,Frigate,F
39,0.66,9.73,V,Frigate,F
38,0.73,12.8,II,Frigate,M
38.1,0.83,10.97,V,Frigate,F
36,0.68,11.87,II,Frigate,F
37,0.731,28.36,V,Frigate,F
38,0.84,40.61,II,Frigate,M
39.5,0.92,46.71,V,Frigate,F
44,1.255,31.41,II,Frigate,M
40,0.711,27.65,II,Frigate,M
37.5,0.9,0,IV,Frigate,M
39.5,0.8,0,IV,Frigate,M
38.5,0.8,0,III,Frigate,M
38.5,0.85,0,III,Frigate,M
35,0.6,23.95,IV,Frigate,F
38.7,0.9,0,III,Frigate,M
38,0.8,23.17,IV,Frigate,F
37.5,0.7,0,III,Frigate,M
37,0.6,0,III,Frigate,M
39,0.9,0,IV,Frigate,M
38.5,0.8,23.96,IV,Frigate,F
42.5,1.1,27.79,IV,Frigate,F
43.5,1.2,0,IV,Frigate,M
37.5,0.7,0,III,Frigate,M
47.5,1.7,0,IV,Frigate,M
41,0.7,20.68,IV,Frigate,F
38.5,0.8,22.09,IV,Frigate,F
37.4,0.7,15.87,IV,Frigate,F
34,0.6,0,III,Frigate,M
39,0.8,0,IV,Frigate,M
38,0.8,0,III,Frigate,M
37.9,0.7,0,IV,Frigate,M
39.5,0.8,24.55,IV,Frigate,F
36.5,0.7,26.79,IV,Frigate,F
38,0.7,0,II,Frigate,M
39.05,0.8,0,III,Frigate,M
38,0.7,12.69,IV,Frigate,F
35.1,0.6,9.12,IV,Frigate,F
38.5,0.9,0,III,Frigate,M
40,0.9,33,IV,Frigate,F
37,0.6,0,II,Frigate,M
36.5,0.7,0,II,Frigate,M
44.5,1.44,58.36,IV,Frigate,F
41.5,1.91,81.46,III,Frigate,M
43,1.15,39.3,II,Frigate,M
49,1.415,78.9,IV,Frigate,F
44,1.395,47.53,III,Frigate,M
46,1.725,52.86,IV,Frigate,F
43,1.305,3.9,IV,Frigate,F
43.5,1.365,41.19,IV,Frigate,F
45.5,1.465,70.11,IV,Frigate,F
46,2,65.66,IV,Frigate,M
45,2,98.07,IV,Frigate,M
48,2,120.22,IV,Frigate,F
43,1.5,48.22,II,Frigate,M
43,1.5,,IV,Frigate,F
43,1.5,,IV,Frigate,F
43.5,2,75.1,IV,Frigate,F
43,2,136.4,III,Frigate,M
40,1,140.2,IV,Frigate,M
42,2,196.1,IV,Frigate,F
41.5,1.2,206.8,IV,Frigate,M
43.5,2,228.5,IV,Frigate,F
41,1.5,168.2,IV,Frigate,M
41,1,114.1,II,Frigate,M
41.5,1.5,217.1,IV,Frigate,F
40.5,1,161.8,III,Frigate,M
39,1,220.4,IV,Frigate,M
41,1,155.2,IV,Frigate,F
39,1,101.1,III,Frigate,F
46,2,299.2,IV,Frigate,M
43,1.5,213.6,IV,Frigate,F
43,1,154.3,IV,Frigate,F
40,1,28,II,Frigate,M
43.5,2,92,IV,Frigate,M
42,1.5,214.6,IV,Frigate,F
39,1,128.6,III,Frigate,M
44,2,183.4,III,Frigate,M
42,1.5,146.6,IV,Frigate,M
41.5,1.5,177,IV,Frigate,M
40.5,1,199,IV,Frigate,F
41.5,2,147.5,IV,Frigate,F
405,1,92,IV,Frigate,F
44,2,188,IV,Frigate,M
41.5,2,101,IV,Frigate,M
40.5,2,94,IV,Frigate,F
40,2,102,IV,Frigate,F
45,2,102,IV,Frigate,M
43,2,98,IV,Frigate,M
42.5,1.5,55,III,Frigate,M
40,1,107,IV,Frigate,M
40,1.5,66,IV,Frigate,M
41,1,69,IV,Frigate,M
40,1,761,IV,Frigate,F
43,1.3,0,I,Frigate,M
34.5,0.65,0,IV,Frigate,M
43,1.2,0,V,Frigate,F
40,1.1,0,IV,Frigate,M
40,1.3,0,IV,Frigate,M
39.5,1,0,IV,Frigate,M
39,0.9,0,IV,Frigate,M
47.4,1.7,0,IV,Frigate,M
39,0.96,0,III,Frigate,M
43.5,1.5,0,IV,Frigate,M
40,0.95,0,IV,Frigate,M
39.7,0.94,0,IV,Frigate,M
42.5,1.3,61.74,IV,Frigate,F
62,2.7,0,IV,Frigate,M
48,0.4,40,I,Frigate,F
47.5,1.6,0,I,Frigate,F
49.3,1.6,0,II,Frigate,M
49.5,1.5,0,III,Frigate,M
50,1.6,0,V,Frigate,F
63,3.2,53.8,V,Frigate,F
41,1.21,78.36,III,Frigate,F
59.28,8.64,,III,Frigate,F
33,0.505,,III,Frigate,M
32,0.505,,III,Frigate,M
60,3.714,85.76,IV,Frigate,F
52,1.815,,I,Frigate,M
66.5,5.3,150.72,IV,Frigate,F
42,1.14,22.11,IV,Frigate,F
42.5,1.145,61.53,IV,Frigate,F
41,0.98,,III,Frigate,M
40,0.85,77.84,IV,Frigate,F
39,0.86,54.7,III,Frigate,F
85.76,6.98,,IV,Frigate,F
61.14,3.7,61.14,IV,Frigate,F
66,4.615,143.13,IV,Frigate,F
64,3.96,,I,Frigate,M
40.5,1.055,36.055,IV,Frigate,F
40,1.075,39.25,IV,Frigate,F
40,0.975,,III,Frigate,M
42,1.095,19.53,IV,Frigate,F
60,2.86,77.46,V,Kawakawa,F
57,2.93,37.58,V,Kawakawa,F
58,2.98,66.65,IV,Kawakawa,F
63,3.62,136.56,III,Kawakawa,F
61,3.22,83.61,IV,Kawakawa,M
55,2.52,34.27,II,Kawakawa,F
62,2.61,140.01,III,Kawakawa,F
63,3.52,83.61,III,Kawakawa,M
60,3.53,174.65,IV,Kawakawa,F
60,3.42,138.7,IV,Kawakawa,F
58.5,2.99,23.34,II,Kawakawa,F
60,2.9,72.25,II,Kawakawa,F
55,2.48,110,IV,Kawakawa,F
58.5,3.09,106.61,IV,Kawakawa,F
61,3.333,65.31,II,Kawakawa,M
60,3.435,115.63,III,Kawakawa,M
59,3.18,101.56,II,Kawakawa,M
58,2.79,60.85,IV,Kawakawa,F
62,3.06,83.31,IV,Kawakawa,F
60,3.19,61.03,II,Kawakawa,M
61,30.055,109.69,III,Kawakawa,F
60,3.28,42.14,II,Kawakawa,F
58,3.04,29.64,II,Kawakawa,M
62,3.466,130,IV,Kawakawa,F
61,3.86,96.69,III,Kawakawa,F
58,2.806,66.94,II,Kawakawa,M
58.5,3.08,54.91,III,Kawakawa,F
60,2.78,22.54,II,Kawakawa,M
60,3.095,83.43,II,Kawakawa,F
59.5,3.185,38.33,III,Kawakawa,M
61.9,3.835,104.2,IV,Kawakawa,F
58.5,3.4,40.92,III,Kawakawa,M
55,2.6,9.3,V,Kawakawa,F
57,2.905,45.9,III,Kawakawa,F
56,2.905,,II,Kawakawa,F
46,1.54,,II,Kawakawa,M
47,1.5,,II,Kawakawa,M
53.8,2.23,2.37,I,Kawakawa,M
56.7,2.615,5.04,I,Kawakawa,M
51.7,1.87,6.3,I,Kawakawa,F
51.2,1.86,1.06,I,Kawakawa,M
46.8,1.51,2.75,I,Kawakawa,F
54.1,2.345,13.5,I,Kawakawa,F
88.1,1.615,0.64,I,Kawakawa,M
54.4,2.46,14.83,I,Kawakawa,F
54.3,2.43,2.59,I,Kawakawa,M
47.6,1.605,0.68,I,Kawakawa,F
50.5,1.99,4.11,I,Kawakawa,M
48.7,1.68,2.48,I,Kawakawa,F
55.6,2.6,14.51,I,Kawakawa,F
46.3,1.415,0.37,I,Kawakawa,M
50.1,1.89,2.39,I,Kawakawa,F
470,1.6,1.81,I,Kawakawa,F
60,3,14.57,I,Kawakawa,F
58.1,2.93,15.17,I,Kawakawa,F
59.4,6.226,17.93,I,Kawakawa,F
60,6.58,8.84,I,Kawakawa,M
65.59,97.41,30.95,II,Kawakawa,F
56.2,2.66,3.14,I,Kawakawa,M
54.6,1.435,0.16,I,Kawakawa,M
55.5,2.515,16.61,I,Kawakawa,F
51.5,1.765,0.93,I,Kawakawa,M
54.8,2.37,15.3,I,Kawakawa,F
51.6,0.215,15,I,Kawakawa,F
58.1,2.87,7.91,I,Kawakawa,M
46.3,1.64,0.67,I,Kawakawa,M
49.5,2.045,19.05,I,Kawakawa,F
55.1,2.775,13.72,I,Kawakawa,F
51.3,1.895,4.01,I,Kawakawa,F
49.9,1.815,4.17,I,Kawakawa,F
60.1,3.015,4.25,I,Kawakawa,M
42,1.045,104.3,IV,Kawakawa,F
45,1.325,192.3,IV,Kawakawa,F
55.4,2.52,12.28,II,Kawakawa,M
56.04,3.08,47.9,III,Kawakawa,M
59,2.88,2.39,I,Kawakawa,M
54.7,2.52,3.23,I,Kawakawa,M
58.4,3.455,83.33,III,Kawakawa,F
57,2.67,8.53,I,Kawakawa,M
58.1,2.706,20.64,I,Kawakawa,F
49.1,1.765,0.36,I,Kawakawa,M
58.5,2.785,5.08,I,Kawakawa,M
58.1,2.66,2.41,I,Kawakawa,M
56.5,2.95,70,IV,Kawakawa,F
52,2.84,49.26,IV,Kawakawa,F
56.3,2.91,70.95,IV,Kawakawa,M
55.3,2.82,14.22,II,Kawakawa,M
53.4,2.74,111.72,IV,Kawakawa,F
53.5,2.32,43.19,III,Kawakawa,F
50.4,2.26,45.6,III,Kawakawa,F
56.2,3.01,97.92,IV,Kawakawa,F
55.9,3.14,12.99,II,Kawakawa,M
56.2,2.47,24.1,V,Kawakawa,F
49.3,2.2,56.57,IV,Kawakawa,M
53.6,2.42,32.82,III,Kawakawa,F
55.9,2.56,80.44,IV,Kawakawa,M
56.1,2.98,27.56,II,Kawakawa,F
56,2.95,34.38,III,Kawakawa,M
54.5,2.68,4.44,I,Kawakawa,F
56,2.84,40.47,III,Kawakawa,M
55.5,2.96,22.47,III,Kawakawa,M
56.1,2.84,7.5,II,Kawakawa,M
51.6,2.45,11.55,III,Kawakawa,F
56.8,3.23,65.11,IV,Kawakawa,F
55,2.5,24.82,II,Kawakawa,M
53,2.65,103.41,IV,Kawakawa,F
57.7,3.16,103.75,IV,Kawakawa,F
56,3.17,27.14,V,Kawakawa,F
53.8,2.73,63.08,II,Kawakawa,F
55,2.9,41.63,III,Kawakawa,F
55,2.77,70.71,IV,Kawakawa,F
54.8,2.83,22.66,II,Kawakawa,F
56.1,2.878,11.38,II,Kawakawa,M
59.4,3.8,5.08,II,Kawakawa,M
59.5,2.91,4.71,II,Kawakawa,M
59.5,3.05,4.47,II,Kawakawa,M
62.5,3.9,2.02,I,Kawakawa,M
60.7,3.54,4.79,I,Kawakawa,F
57.1,3.2,17.02,V,Kawakawa,F
59.5,3.1,2.7,II,Kawakawa,M
61.5,3.19,19.05,V,Kawakawa,F
62.5,3.4,2.67,II,Kawakawa,M
61.6,2.55,1.8,I,Kawakawa,M
58,2.9,5.91,I,Kawakawa,M
55.4,2.53,80.44,IV,Kawakawa,M
50.1,2.48,27.56,II,Kawakawa,F
59,3.065,22.6,I,Kawakawa,F
61,3.49,56.9,III,Kawakawa,F
58,3.015,23.5,II,Kawakawa,F
58,2.94,17.6,II,Kawakawa,F
42,1.225,39.3,III,Kawakawa,F
43,1.285,0,II,Kawakawa,M
61,3.38,0,II,Kawakawa,M
64,3.43,49.1,III,Kawakawa,F
57,3.17,14,II,Kawakawa,F
58,3.35,74.1,III,Kawakawa,F
62,3.775,21.9,II,Kawakawa,F
59,3.06,17.5,II,Kawakawa,F
59,3.235,20.3,II,Kawakawa,F
59,2.95,23.8,II,Kawakawa,F
65,4.27,0,III,Kawakawa,M
59,2.95,23.8,II,Kawakawa,F
40,1.349,6.94,II,Kawakawa,F
47,1.38,2.08,II,Kawakawa,M
45,1.338,5.46,II,Kawakawa,F
45,1.269,0.54,II,Kawakawa,M
47,1.448,0.54,II,Kawakawa,M
45,1.248,1.13,I,Kawakawa,M
43,1.217,1.4,I,Kawakawa,M
46,1.217,1.51,II,Kawakawa,M
43,1.147,2,I,Kawakawa,F
44,1.248,3.75,II,Kawakawa,F
45.5,1.229,2.39,II,Kawakawa,F
46,1.289,5.12,II,Kawakawa,F
45,1.305,2.1,II,Kawakawa,M
45.5,1.3,3.54,II,Kawakawa,F
44,1.339,3.34,II,Kawakawa,F
44,1.218,5.07,II,Kawakawa,F
45,1.22,5.08,II,Kawakawa,F
43.5,1.178,2.62,II,Kawakawa,F
45,1.128,0.66,I,Kawakawa,M
45,1.21,3.45,II,Kawakawa,F
44,1.24,0.83,I,Kawakawa,M
45,1.32,0.31,I,Kawakawa,F
46,1.46,7.88,II,Kawakawa,F
44,1.315,3.46,II,Kawakawa,F
45,1.38,3.09,II,Kawakawa,F
44,1.345,3.7,II,Kawakawa,M
45.5,1.345,2.07,II,Kawakawa,M
46,1.23,1.08,I,Kawakawa,M
45.5,1.315,22.06,III,Kawakawa,F
45,1.24,6.64,II,Kawakawa,F
92,13.5,255,IV,Kawakawa,F
94.5,13.5,49,IV,Kawakawa,F
76,6.5,0,V,Kawakawa,M
104,19.5,359.24,IV,Kawakawa,M
95,15.5,359.24,IV,Kawakawa,M
94,13.85,236.97,IV,Kawakawa,M
78,11,190.76,IV,Kawakawa,F
103,17,152,IV,Kawakawa,M
96,14,361.85,IV,Kawakawa,F
96,15,384.89,IV,Kawakawa,F
101.5,17.5,363.33,IV,Kawakawa,F
87,11.5,168.86,IV,Kawakawa,M
95,13.5,307.27,III,Kawakawa,F
92,14,238.94,IV,Kawakawa,M
100,17,105.23,IV,Kawakawa,M
105.5,18,178.49,IV,Kawakawa,M
53,2,0,IV,Kawakawa,M
52,1.9,0,IV,Kawakawa,M
54,1.8,0,IV,Kawakawa,M
48.8,1.5,0,IV,Kawakawa,M
55,1.4,10.86,V,Kawakawa,F
47,1.3,0,II,Kawakawa,M
47.4,1.4,147.04,IV,Kawakawa,F
61,2.7,0,IV,Kawakawa,M
55,1.8,50.4,IV,Kawakawa,F
61,2.6,105.65,IV,Kawakawa,F
46,1.2,121.35,IV,Kawakawa,F
50,1.3,0,IV,Kawakawa,M
53,1.4,48.72,IV,Kawakawa,F
61,2.6,0,IV,Kawakawa,M
59,2.2,0,IV,Kawakawa,M
63.5,2.8,0,IV,Kawakawa,M
53,1.5,0,IV,Kawakawa,M
59,2.7,0,IV,Kawakawa,M
53,1.6,207.3,IV,Kawakawa,M
61,3,247,IV,Kawakawa,F
62,2.6,77.23,IV,Kawakawa,F
61,2.6,0,IV,Kawakawa,M
59,2.7,176.05,IV,Kawakawa,F
62,3,0,IV,Kawakawa,M
62,2.8,0,IV,Kawakawa,M
57,2,0,IV,Kawakawa,M
60,2.4,134.06,IV,Kawakawa,F
53,1.4,0,IV,Kawakawa,M
44,1.4,0,II,Kawakawa,M
48,1.2,0,IV,Kawakawa,M
61,3,,IV,Kawakawa,M
59.1,2.8,0,IV,Kawakawa,M
57.1,2.2,23.7,IV,Kawakawa,F
65.2,2.8,0,V,Kawakawa,F
61.6,3,0,IV,Kawakawa,M
57.1,2.2,39.14,IV,Kawakawa,F
64.1,3.2,0,IV,Kawakawa,M
59.2,3,112.58,IV,Kawakawa,F
59.1,2.8,114.34,IV,Kawakawa,F
57.9,2,0,IV,Kawakawa,M
56.5,1.6,0,IV,Kawakawa,M
61.5,3.2,47.14,IV,Kawakawa,F
60.5,1.6,0,IV,Kawakawa,M
56.1,2.2,0,V,Kawakawa,F
59.1,2.8,0,IV,Kawakawa,M
57.1,2.2,23.7,IV,Kawakawa,F
65.2,2.8,0,V,Kawakawa,F
61.6,3,0,IV,Kawakawa,M
57.1,2.2,39.14,IV,Kawakawa,F
64.1,3.2,0,IV,Kawakawa,M
59.2,3,112.58,IV,Kawakawa,F
59.1,2.8,114.34,IV,Kawakawa,F
57.9,2,0,IV,Kawakawa,M
56.5,1.6,0,IV,Kawakawa,M
61.5,3.2,47.14,IV,Kawakawa,F
60.5,1.6,0,IV,Kawakawa,M
56.1,2.2,0,V,Kawakawa,F
54.2,1.6,50.32,V,Kawakawa,F
57.1,1.7,59.78,IV,Kawakawa,F
43.7,1,0,II,Kawakawa,M
54.2,1.6,85.85,IV,Kawakawa,F
56.4,2.1,46.24,IV,Kawakawa,F
55.5,1.7,54.2,IV,Kawakawa,F
58.5,2.4,0,IV,Kawakawa,M
62.4,3.1,0,IV,Kawakawa,M
50.2,1.2,100.08,IV,Kawakawa,F
56.9,1.7,58.36,IV,Kawakawa,F
58.7,1.7,0,IV,Kawakawa,M
55.5,2.3,0,II,Kawakawa,M
54,1.7,24.39,IV,Kawakawa,F
56.8,2,40.78,IV,Kawakawa,F
61,3.4,0,IV,Kawakawa,M
60.1,2.6,0,IV,Kawakawa,M
56.2,2,57.11,IV,Kawakawa,F
53,1.6,0,IV,Kawakawa,M
42.2,1.26,0,I,Kawakawa,M
44,1.26,2.61,I,Kawakawa,M
44,1.285,0,I,Kawakawa,M
42,1.26,0,I,Kawakawa,F
43.4,1.2,0,I,Kawakawa,F
43.8,1.145,3.4,II,Kawakawa,F
45,1.06,3.01,I,Kawakawa,M
44,1.2,6.81,I,Kawakawa,F
43.2,1.215,0,I,Kawakawa,F
44.2,1.215,0,V,Kawakawa,F
43.4,1.215,3.65,II,Kawakawa,F
43,1.125,3.5,II,Kawakawa,F
43,1.11,0,II,Kawakawa,F
44,1.16,6.17,I,Kawakawa,F
43.6,1.02,0,V,Kawakawa,F
57.5,1.8,52.21,IV,Kawakawa,F
53.5,1.8,54.66,IV,Kawakawa,F
65.2,3.8,0,IV,Kawakawa,M
54,3.6,85.85,IV,Kawakawa,F
63.3,4,0,IV,Kawakawa,M
61,3.1,0,III,Kawakawa,M
63,4,85.92,IV,Kawakawa,F
63,3.6,102.32,IV,Kawakawa,F
56,1.5,0,III,Kawakawa,M
58.5,2.4,0,III,Kawakawa,M
52,1.4,0,III,Kawakawa,M
59,2.7,36.65,V,Kawakawa,F
70,4.4,0,IV,Kawakawa,M
59.3,3,0,III,Kawakawa,M
67,4.8,0,IV,Kawakawa,M
59.5,2.8,77.61,IV,Kawakawa,F
61.3,3,0,I,Kawakawa,M
57.4,2.6,77.52,IV,Kawakawa,F
60.3,2.8,0,II,Kawakawa,M
57,2.5,80.75,IV,Kawakawa,F
58.3,3,0,IV,Kawakawa,M
60.4,2.7,0,I,Kawakawa,F
57.2,2.1,51.92,IV,Kawakawa,F
57.2,2.4,0,IV,Kawakawa,M
57.5,2.5,58.52,IV,Kawakawa,F
59,2.6,0,IV,Kawakawa,M
57,2.4,0,V,Kawakawa,F
60,3.9,94.97,IV,Kawakawa,F
59.4,2.3,84.87,IV,Kawakawa,F
57.2,2.5,23.04,V,Kawakawa,F
60.53,3,95.76,II,Kawakawa,M
88.53,3,179.7,III,Kawakawa,M
63.54,4,240.66,IV,Kawakawa,F
57.53,5,72.77,II,Kawakawa,M
61,3.5,22.65,IV,Kawakawa,M
56,2.6,69,IV,Kawakawa,F
61,3.18,100,IV,Kawakawa,F
68,4.94,,I,Kawakawa,M
61,3.14,104.2,IV,Kawakawa,F
58,3,72.35,III,Kawakawa,F
57,2.95,193,IV,Kawakawa,F
66,3.41,116.99,II,Kawakawa,M
61,3.33,234,IV,Kawakawa,M
61,3,87.96,IV,Kawakawa,F
66,4.62,98.6,II,Kawakawa,M
60,3.35,236.28,IV,Kawakawa,F
63,3.25,0,I,Kawakawa,M
66,3.83,157.68,IV,Kawakawa,M
63,3.78,78.95,II,Kawakawa,M
39.4,0.68,0,I,Kawakawa,M
44,0.94,0,I,Kawakawa,M
41,0.78,0,I,Kawakawa,M
40,0.79,0,I,Kawakawa,M
36.6,0.76,0,I,Kawakawa,M
43,1.13,0,I,Kawakawa,M
40,0.79,0,I,Kawakawa,M
39,0.99,1.56,I,Kawakawa,F
39,0.76,0,I,Kawakawa,M
42.2,1.12,1.79,I,Kawakawa,F
41,0.82,0,I,Kawakawa,M
43,1.17,1.7,I,Kawakawa,F
44.2,1.32,3.86,I,Kawakawa,F
39,0.78,0,I,Kawakawa,M
39.3,0.95,0,I,Kawakawa,M
40,0.61,0,I,Kawakawa,M
43,1.16,0,I,Kawakawa,M
42,1.08,0,I,Kawakawa,M
423,0.91,0,I,Kawakawa,M
43,1.12,3.02,I,Kawakawa,F
39.8,0.73,0,I,Kawakawa,M
41.5,1.04,0,I,Kawakawa,M
42,1.01,0,I,Kawakawa,M
41.6,0.69,0,I,Kawakawa,M
40,0.87,0,I,Kawakawa,M
41.5,0.83,3.1,I,Kawakawa,F
40.5,0.72,0,I,Kawakawa,F
40.5,8.7,0,I,Kawakawa,M
41,0.86,1.91,I,Kawakawa,F
41,0.82,0,I,Kawakawa,M
38,0.91,,II,Kawakawa,M
40,1.125,,II,Kawakawa,M
39,9.55,,II,Kawakawa,M
38,0.965,,II,Kawakawa,M
40,1.045,38.3,III,Kawakawa,F
44,1.4,,II,Kawakawa,M
43,1.165,,II,Kawakawa,M
41,1.02,,II,Kawakawa,M
40,1.085,,II,Kawakawa,M
37,0.91,0,II,Kawakawa,M
39,0.96,62,IV,Kawakawa,F
42,0.265,88.3,IV,Kawakawa,F
62,2.1,75.7,III,Kawakawa,F
58,2.715,,II,Kawakawa,M
68,5.125,,II,Kawakawa,M
48,1.685,,II,Kawakawa,M
41,1.12,,II,Kawakawa,M
45,1.6,147.1,IV,Kawakawa,F
46,1.63,160.3,IV,Kawakawa,F
43,1.235,,II,Kawakawa,M
63,4.285,,II,Kawakawa,M
59,3.265,,II,Kawakawa,M
47,1.735,81.6,IV,Kawakawa,F
47,1.81,,II,Kawakawa,M
50,2.135,,II,Kawakawa,M
56.5,2.6,72.77,IV,Kawakawa,F
51.5,1.8,38.29,IV,Kawakawa,F
50,1.8,89.99,IV,Kawakawa,F
49,1.8,0,V,Kawakawa,F
47,1.6,0,V,Kawakawa,F
48,1.7,0,V,Kawakawa,F
50,1.7,0,V,Kawakawa,F
50,1.6,0,V,Kawakawa,F
49.7,1.6,0,V,Kawakawa,F
50.5,1.8,0,IV,Kawakawa,M
49,1.6,0,IV,Kawakawa,M
49.5,1.6,0,IV,Kawakawa,M
49.5,1.7,0,V,Kawakawa,F
47,1.6,35.66,IV,Kawakawa,F
60.5,4,195.44,IV,Kawakawa,M
61.4,4,91.35,IV,Kawakawa,F
58.2,21.98,80,IV,Kawakawa,F
63,3.795,108.52,IV,Kawakawa,F
64,4.04,226.7,IV,Kawakawa,F
62.5,3.75,135.6,IV,Kawakawa,M
62.7,3.73,136.47,IV,Kawakawa,M
65.7,3.99,219.08,IV,Kawakawa,M
68,4.81,241.53,IV,Kawakawa,M
58,3.6,188.13,IV,Kawakawa,F
58.2,3.04,161.01,IV,Kawakawa,F
59,3.035,19.12,V,Kawakawa,F
58.4,2.915,90.5,II,Kawakawa,M
63,3.69,135.02,II,Kawakawa,M
63,3.96,235.84,IV,Kawakawa,F
95,4.63,92.83,II,Kawakawa,M
69,4.5,251.48,IV,Kawakawa,M
63,3.9,182.4,III,Kawakawa,M
59,3.125,259.48,IV,Kawakawa,F
64,4.38,18.77,IV,Kawakawa,M
63,3.835,224.85,IV,Kawakawa,F
63,3.87,237.6,IV,Kawakawa,F
60,3.23,235.2,IV,Kawakawa,F
67,4.44,161.66,III,Kawakawa,F
70,5.65,196.13,II,Kawakawa,M
58,2.81,250.28,IV,Kawakawa,M
67,4.5,194.01,III,Kawakawa,M
60,2.73,167.38,IV,Kawakawa,F
63,3.96,235.84,IV,Kawakawa,F
97,3.83,217.69,IV,Kawakawa,F
59,3.45,206.32,III,Kawakawa,M
56.5,3.5,206.99,IV,Kawakawa,F
56,4,170.07,IV,Kawakawa,F
52,2.552,65.92,IV,Kawakawa,F
52,2.5,38.5,II,Kawakawa,M
56,3.5,265.4,IV,Kawakawa,M
57.5,4,189.54,IV,Kawakawa,F
53,2.5,104.19,IV,Kawakawa,F
54,3,112.35,IV,Kawakawa,F
59,4,114,II,Kawakawa,M
60,4,97.4,IV,Kawakawa,M
61,4,231,III,Kawakawa,M
57,2.5,135,IV,Kawakawa,F
48,2,72.69,III,Kawakawa,M
56,2.5,165.52,IV,Kawakawa,F
60,4,169.23,IV,Kawakawa,M
59,4.5,168.46,IV,Kawakawa,M
58,4,207.87,IV,Kawakawa,F
58,2.5,182.59,IV,Kawakawa,F
57.5,2.5,179.17,IV,Kawakawa,M
55,3,116.83,IV,Kawakawa,F
56,3,167.25,III,Kawakawa,F
57,4.5,161.34,IV,Kawakawa,M
56.5,4.5,147.61,IV,Kawakawa,M
50,2,111.25,III,Kawakawa,M
54.5,2.5,93.26,III,Kawakawa,F
54,3,109.93,III,Kawakawa,M
56,4,189.8,IV,Kawakawa,F
54.5,3.5,97.89,IV,Kawakawa,F
55.5,3.5,117.5,IV,Kawakawa,F
57,4.5,107.23,I,Kawakawa,F
67,4.5,,IV,Kawakawa,M
57,3,413.5,IV,Kawakawa,F
60,46,560,IV,Kawakawa,M
58,3,600,IV,Kawakawa,M
56,3.5,241.6,V,Kawakawa,F
55,2.5,213.9,IV,Kawakawa,F
56,3.5,395.5,III,Kawakawa,M
56,3.5,373.3,IV,Kawakawa,F
53,2.5,204.1,IV,Kawakawa,M
56,3.5,433.83,IV,Kawakawa,F
56,2.5,328,V,Kawakawa,F
55,3,274.9,V,Kawakawa,F
53,2.5,372.3,IV,Kawakawa,F
56,3,437.5,IV,Kawakawa,F
56,2.5,447.5,IV,Kawakawa,F
57,2.5,291.1,IV,Kawakawa,M
57.5,2.5,,IV,Kawakawa,M
57.5,2.5,556.2,IV,Kawakawa,M
56.5,2.5,261.8,IV,Kawakawa,F
54,3,297.4,IV,Kawakawa,M
56,2.5,453.2,IV,Kawakawa,F
57,3,430.3,IV,Kawakawa,F
52,2.5,192.2,II,Kawakawa,M
54,3,214,IV,Kawakawa,M
53,3,,IV,Kawakawa,M
56,3.5,184.5,III,Kawakawa,M
53.5,2,443.9,IV,Kawakawa,F
54,3,244.2,IV,Kawakawa,M
54,3,219.2,V,Kawakawa,F
53,3,175,V,Kawakawa,F
58,3.5,532.8,V,Kawakawa,F
194,26,50,IV,Kawakawa,F
202,31,165,IV,Kawakawa,F
190,27,35,IV,Kawakawa,F
180,25.5,100,II,Kawakawa,F
200,37,260,III,Kawakawa,F
155,29,,I,Kawakawa,M
57.5,2.67,86.93,IV,Kawakawa,F
51.5,2.29,44.65,IV,Kawakawa,F
52,2.7,47.34,III,Kawakawa,F
57.1,2.74,31.67,IV,Kawakawa,F
59,2.74,66.51,IV,Kawakawa,F
55,2.33,0,IV,Kawakawa,M
56.2,2.7,0,IV,Kawakawa,M
56.2,2.7,0,IV,Kawakawa,M
65,4.465,116.5,III,Kawakawa,F
59.5,3.001,187.82,III,Kawakawa,F
47,1.6,0,III,Kawakawa,M
48.5,1.8,0,I,Kawakawa,M
51,2,17.66,II,Kawakawa,F
49.8,2,4.99,II,Kawakawa,M
45,1.6,0.25,I,Kawakawa,M
46,1.6,4.83,I,Kawakawa,F
47,1.7,0,I,Kawakawa,M
49.5,2.2,3.86,II,Kawakawa,F
55,2.6,7.37,III,Kawakawa,M
44,1.4,1.45,I,Kawakawa,F
46,1.5,4.72,I,Kawakawa,F
44,3.96,3.96,I,Kawakawa,F
44.7,1.4,0.91,I,Kawakawa,M
51,2,0.75,I,Kawakawa,M
44.5,1.4,2.84,I,Kawakawa,M
47,1.6,2.2,I,Kawakawa,M
47.3,1.6,1.79,I,Kawakawa,M
48.2,1.9,6.47,II,Kawakawa,F
49.5,2.2,7.98,II,Kawakawa,M
47,1.6,4.07,II,Kawakawa,M
50,2.1,6.49,II,Kawakawa,F
60,3.8,0,III,Kawakawa,M
55,2.5,0,I,Kawakawa,M
58.5,3.9,115.91,IV,Kawakawa,F
53.4,2.4,13.62,I,Kawakawa,M
50,2,0,I,Kawakawa,M
64,4.1,,III,Kawakawa,M
65,3.99,,II,Kawakawa,M
63,3.385,115.29,III,Kawakawa,F
59.5,2.955,67.13,III,Kawakawa,F
59,3.225,,II,Kawakawa,M
115,26.8,194.19,IV,SkipJack,M
88,13,59.33,III,SkipJack,M
61,4.523,2.61,I,SkipJack,M
57,3.35,,III,SkipJack,M
56,3.155,54,III,SkipJack,F
50,3.025,38.5,III,SkipJack,F
60,3.38,27,II,SkipJack,F
59,4.22,,III,SkipJack,M
68,6.08,79.1,IV,SkipJack,F
59,4.005,129.2,IV,SkipJack,F
62,4.445,163.3,IV,SkipJack,F
58,3.575,,III,SkipJack,M
59.4,3.546,42.49,III,SkipJack,F
58.6,2.955,60.66,III,SkipJack,F
55.1,2.883,52.73,III,SkipJack,M
57.3,3.421,60.52,III,SkipJack,M
56.2,3.08,61.94,III,SkipJack,M
55.8,3.601,49.6,III,SkipJack,M
57,3.18,48.47,III,SkipJack,F
55.2,2.88,37.55,II,SkipJack,F
50,2.515,,III,SkipJack,M
58,3.465,,II,SkipJack,M
57,3210,,III,SkipJack,M
58,3.31,210.3,IV,SkipJack,F
60,3.86,57.4,III,SkipJack,F
55,2.875,,III,SkipJack,M
54.1,2.82,54.11,III,SkipJack,M
57.3,3.44,112.26,IV,SkipJack,F
57.4,2.785,17.61,I,SkipJack,M
54.2,2.72,17.72,II,SkipJack,M
54.7,3.13,22.32,II,SkipJack,M
55.9,3.075,61.07,III,SkipJack,M
56.3,3.09,133.54,IV,SkipJack,F
56.5,3.11,15.03,II,SkipJack,M
62.4,4.585,264.91,IV,SkipJack,F
59.5,3.55,4.31,I,SkipJack,M
59.4,3.9,30.11,II,SkipJack,M
53.4,2.735,31.03,II,SkipJack,M
65,2.905,48.94,III,SkipJack,M
59.7,3.926,33.19,II,SkipJack,M
52.1,2.615,27.46,II,SkipJack,M
56.6,3.365,58.46,III,SkipJack,F
61.3,3.59,58.41,III,SkipJack,F
57.2,3.24,84.08,IV,SkipJack,F
58.6,3.535,44.23,III,SkipJack,M
55,3,22.42,V,SkipJack,F
60.1,3.6,40.79,VI,SkipJack,F
57.4,3.2,38.68,V,SkipJack,F
59.7,3.1,16.16,III,SkipJack,M
59.1,3.2,28.97,V,SkipJack,F
54.5,2.7,36.14,III,SkipJack,M
58.5,3.3,34.23,V,SkipJack,F
57,3.3,46.03,IV,SkipJack,F
58,3.3,18.58,III,SkipJack,M
59.7,3.1,14.63,IV,SkipJack,M
57,3.1,24.73,III,SkipJack,M
57,3.5,32.73,IV,SkipJack,F
59,3.5,41.04,III,SkipJack,M
60,3.09,35.11,IV,SkipJack,F
58.5,3.5,66.41,VI,SkipJack,M
56,2.9,36.74,V,SkipJack,F
57.5,3.3,30.74,V,SkipJack,F
57.5,2.75,21.51,II,SkipJack,F
55.5,2.88,27.3,V,SkipJack,F
61,3.5,22.16,V,SkipJack,F
57.2,2.6,21.92,V,SkipJack,F
57.5,2.9,26.45,V,SkipJack,F
60,2.4,34.69,V,SkipJack,F
57.5,2.47,31.86,V,SkipJack,F
60.5,3.08,0,IV,SkipJack,M
61,3.09,47.63,V,SkipJack,F
59,3.04,42.73,V,SkipJack,F
57.5,3.04,51.07,IV,SkipJack,F
58.5,3.06,40.63,V,SkipJack,F
58.4,3.02,47.74,IV,SkipJack,F
57,2.2,0,III,SkipJack,M
57,3,39.32,III,SkipJack,M
59,3.305,28.6,II,SkipJack,M
60,4.055,0,II,SkipJack,M
63,4.255,12.5,II,SkipJack,F
57,3.25,24.3,II,SkipJack,F
57,2.95,10.6,II,SkipJack,F
61,3.93,37.6,II,SkipJack,F
58,3.7,30.4,II,SkipJack,F
59,4.035,0,III,SkipJack,M
60,4.045,41.9,II,SkipJack,F
64,4.87,44.4,III,SkipJack,F
55,3.025,0,III,SkipJack,M
61,3.84,0,III,SkipJack,M
52,2.35,35.1,II,SkipJack,F
52,2.37,35.8,II,SkipJack,F
56,2.82,0,II,SkipJack,M
53.9,2,0,IV,SkipJack,M
59.8,3.7,0,IV,SkipJack,M
62.1,4.5,0,IV,SkipJack,M
63.3,4.1,357.61,IV,SkipJack,F
62.1,4.1,0,IV,SkipJack,M
51.3,2,62.35,IV,SkipJack,F
53.9,2.3,0,IV,SkipJack,M
53.5,1.8,0,III,SkipJack,M
62.3,4.2,0,IV,SkipJack,M
60.3,3.9,0,IV,SkipJack,M
71.2,6.3,0,IV,SkipJack,M
60.7,3.4,0,III,SkipJack,M
51.4,2.1,0,IV,SkipJack,M
62,4.4,0,IV,SkipJack,M
64.1,4.9,0,IV,SkipJack,M
62.3,4,0,IV,SkipJack,M
52.5,2.2,0,IV,SkipJack,M
62,4.1,0,IV,SkipJack,M
52.1,2.2,0,IV,SkipJack,M
53.4,2.5,0,III,SkipJack,M
61.1,3.6,90.92,IV,SkipJack,F
62.9,4,125.56,IV,SkipJack,F
52,1.9,0,IV,SkipJack,M
55.2,2.4,0,IV,SkipJack,M
59.3,3.1,0,IV,SkipJack,M
54.5,2.2,0,III,SkipJack,M
69.4,5.6,0,IV,SkipJack,M
53,1.6,0,III,SkipJack,M
64.4,3.6,0,IV,SkipJack,M
51,1.8,78.01,IV,SkipJack,F
58,3.74,,III,SkipJack,M
57,3.095,,IV,SkipJack,M
51,2.435,52.4,III,SkipJack,F
50,2.435,,III,SkipJack,M
49,2.265,,III,SkipJack,M
48,2,,IV,SkipJack,M
57,2.69,,IV,SkipJack,M
53,2.955,,IV,SkipJack,M
55,2.65,,IV,SkipJack,M
50,2.31,,IV,SkipJack,M
56,2.98,71.4,IV,SkipJack,F
63,2.66,,IV,SkipJack,M
55.6,3,0,I,SkipJack,M
64.3,5.2,0,IV,SkipJack,M
62.2,4.6,0,IV,SkipJack,M
58.2,3.1,0,IV,SkipJack,M
58.1,3.4,115.61,IV,SkipJack,F
52.7,2.1,80.45,IV,SkipJack,F
59,3.3,0,IV,SkipJack,M
57.1,3.4,0,IV,SkipJack,M
53,1.5,0,IV,SkipJack,M
62.6,4.2,0,IV,SkipJack,M
64.1,4.3,0,IV,SkipJack,M
51.3,1.7,0,IV,SkipJack,M
60.5,3.5,0,IV,SkipJack,M
49.7,1.9,0,III,SkipJack,M
58.2,3.1,0,IV,SkipJack,M
54.3,1.7,0,IV,SkipJack,M
52.6,3.7,0,V,SkipJack,M
54.1,2,0,IV,SkipJack,M
50.6,1.8,0,IV,SkipJack,M
57.4,3,0,III,SkipJack,M
53.7,1.5,0,IV,SkipJack,M
62,4,0,IV,SkipJack,M
67,4.8,130.79,IV,SkipJack,F
52.1,1.6,0,III,SkipJack,M
52.8,2.2,68,IV,SkipJack,F
69.3,4.3,208,IV,SkipJack,F
56,1.8,0,III,SkipJack,M
62.5,4.1,0,III,SkipJack,M
51.2,1.3,0,III,SkipJack,M
58,3.5,0,IV,SkipJack,M
65.7,4.7,121.24,IV,SkipJack,F
60.9,4.2,0,IV,SkipJack,M
51,2,0,II,SkipJack,M
58,3.9,95.1,IV,SkipJack,F
54,2.885,,III,SkipJack,M
53,2.6,122.3,IV,SkipJack,F
57,3.215,,I,SkipJack,M
53,2.65,,I,SkipJack,M
55,2.75,,I,SkipJack,M
54,2.4,81.23,IV,SkipJack,F
48.6,1.9,109.95,IV,SkipJack,F
56.5,2.9,80.14,IV,SkipJack,F
53,2.1,0,III,SkipJack,M
53,2,21.6,IV,SkipJack,F
48.6,1.3,76.35,IV,SkipJack,F
53,2,61.66,IV,SkipJack,F
53,2.4,55.27,IV,SkipJack,F
51,1.7,0,III,SkipJack,M
61,4,0,IV,SkipJack,M
56,3,22.57,V,SkipJack,F
53,2,0,IV,SkipJack,M
56,2.8,0,I,SkipJack,M
55,2.1,0,III,SkipJack,M
57.2,3,101.55,IV,SkipJack,F
62.5,4,119.35,IV,SkipJack,F
54.2,2.7,0,III,SkipJack,M
52.6,2.2,85.88,IV,SkipJack,F
53.4,2.8,0,III,SkipJack,M
60.2,3.9,107.19,IV,SkipJack,F
52,2,68.3,IV,SkipJack,F
54,2.1,84.17,IV,SkipJack,F
51,1.8,66.27,IV,SkipJack,F
49.2,2.5,12.99,II,SkipJack,F
49.5,1.6,60.53,IV,SkipJack,F
56,2.8,0,III,SkipJack,M
51.4,2.3,0,IV,SkipJack,M
50.8,2,66.63,IV,SkipJack,F
54.3,2,0,III,SkipJack,M
57.4,2.8,0,IV,SkipJack,M
56.6,3,73.69,IV,SkipJack,F
55,2.2,0,IV,SkipJack,M
56.8,3.1,0,IV,SkipJack,M
52,2.4,0,IV,SkipJack,M
54,2.655,136.3,III,SkipJack,F
56,2.785,,II,SkipJack,M
59,2.465,51.3,II,SkipJack,F
41,1.235,125.1,IV,SkipJack,F
53,2.53,,II,SkipJack,M
52,2.255,100.7,IV,SkipJack,F
58,2.66,,II,SkipJack,M
55,2.84,,II,SkipJack,M
54.5,2.74,,II,SkipJack,M
57,3.05,,II,SkipJack,M
56,3.96,,II,SkipJack,M
60,4.27,49.6,III,SkipJack,F
63,4.62,,II,SkipJack,M
62,3.745,,II,SkipJack,M
50,1.5,,II,SkipJack,M
54,2,58.1,III,SkipJack,F
51,2.385,,II,SkipJack,M
69,4.535,,II,SkipJack,M
58,2.655,56,III,SkipJack,F
60,3.245,,II,SkipJack,M
58,2.94,,II,SkipJack,M
59,3.18,,II,SkipJack,M
63,4.285,,I,SkipJack,F
68.5,5.5,0,IV,SkipJack,M
62,4.3,0,IV,SkipJack,M
69.5,5.5,0,IV,SkipJack,M
71.5,6.4,0,IV,SkipJack,M
71.5,4.8,336.28,IV,SkipJack,F
66,5.4,0,IV,SkipJack,M
65,5.4,0,IV,SkipJack,M
68,5.2,0,IV,SkipJack,M
63.5,6,0,IV,SkipJack,M
66.3,5.4,0,IV,SkipJack,M
65.5,5.4,180.05,IV,SkipJack,F
63.5,4.2,0,III,SkipJack,M
48,1.7,0,V,SkipJack,F
47,1.5,0,V,SkipJack,F
50.5,1.9,47.04,III,SkipJack,F
49,1.8,48.38,IV,SkipJack,F
48.5,1.6,0,V,SkipJack,F
75,6.2,0,IV,SkipJack,M
65.5,5.1,0,IV,SkipJack,M
63.5,4.7,308.25,IV,SkipJack,F
62,4.5,0,IV,SkipJack,M
64.3,5.2,0,IV,SkipJack,M
66.5,5.2,0,III,SkipJack,M
62,4.4,0,IV,SkipJack,M
61.5,4.8,153.85,IV,SkipJack,F
69.5,5,0,IV,SkipJack,M
60.5,4.3,0,IV,SkipJack,M
58,3.2,150.82,IV,SkipJack,F
70.5,7,564.23,IV,SkipJack,F
62,4.6,0,IV,SkipJack,M
66,5,0,III,SkipJack,M
67,5.2,0,IV,SkipJack,M
61.5,4.4,0,IV,SkipJack,M
64.5,4.9,0,IV,SkipJack,M
64,5,477.03,IV,SkipJack,F
61.5,4.2,109.78,IV,SkipJack,F
63.5,4.7,308.25,IV,SkipJack,F
58,2.49,,II,SkipJack,M
51,2.4,129.39,III,SkipJack,F
52,2.55,,II,SkipJack,M
50,2.365,,III,SkipJack,M
53,2.81,,II,SkipJack,M
51,2.46,,III,SkipJack,M
61,3.75,,III,SkipJack,M
51,4.275,,III,SkipJack,M
51,2.45,,II,SkipJack,M
46,1.6,,III,SkipJack,F
45,1.7,,II,SkipJack,M
43,1.355,,III,SkipJack,M
70,5.47,,II,SkipJack,M
58,2.5,,III,SkipJack,M
101,24,,II,SkipJack,M
85,14.5,,II,SkipJack,M
99,17,,III,SkipJack,M
93,15,,III,SkipJack,M
68,5.245,,I,SkipJack,F
66,4.528,,I,SkipJack,M
6.256,74,,III,SkipJack,M
60,3.7,,I,SkipJack,M
60,3.89,,I,SkipJack,M
59,3.525,,III,SkipJack,M
52,2.4,141.98,III,SkipJack,F
62,4.47,72.85,IV,SkipJack,F
61,8.6,99.18,IV,SkipJack,F
66,5.4,140.24,IV,SkipJack,F
61.5,4.21,111.59,IV,SkipJack,F
59,3.2,0,IV,SkipJack,M
54,2,0,IV,SkipJack,M
46.5,1.4,0,I,SkipJack,M
48,1.5,0,V,SkipJack,F
48,1.6,0,V,SkipJack,F
49,1.8,0,III,SkipJack,M
49,1.8,0,IV,SkipJack,M
48,1.4,0,V,SkipJack,F
50,1.5,0,IV,SkipJack,M
49,1.6,10.57,II,SkipJack,F
51,1.8,0,IV,SkipJack,M
49.3,1.7,0,III,SkipJack,M
49,1.6,13.4,II,SkipJack,F
76.5,6.6,0,I,SkipJack,M
78,6.2,6.64,I,SkipJack,F
50,2.41,113.41,III,SkipJack,F
51,5.45,,III,SkipJack,M
55,2.855,,II,SkipJack,M
56,3.225,131.66,III,SkipJack,F
60,4.095,101.48,III,SkipJack,F
64.4,5,60.57,IV,SkipJack,F
63,4.7,65.67,IV,SkipJack,F
68,6,0,IV,SkipJack,M
57,3.2,0,III,SkipJack,M
57,3.2,97.13,IV,SkipJack,F
66.5,4.8,153.98,IV,SkipJack,F
65,5.4,124.17,IV,SkipJack,F
54,2.9,0,IV,SkipJack,M
73.5,7.7,119.7,IV,SkipJack,F
62.5,4.4,131.58,IV,SkipJack,F
54,3.05,0,IV,SkipJack,M
63,4.8,78.69,IV,SkipJack,F
53,2.595,68.5,III,SkipJack,F
55.5,2.855,46.3,IV,SkipJack,F
52.5,2.485,129.4,III,SkipJack,F
57,3.335,,II,SkipJack,M
52.5,2.315,,I,SkipJack,M
54.5,2.665,,II,SkipJack,M
50,2.06,,III,SkipJack,M
55.5,3.135,,II,SkipJack,M
53,2.325,,IV,SkipJack,F
55,3.105,,I,SkipJack,M
58.5,3.715,,IV,SkipJack,F
61,4.43,,II,SkipJack,M
64,4.2,74.95,IV,SkipJack,F
59.4,4.1,99.34,IV,SkipJack,F
59,4,64.84,IV,SkipJack,F
61.3,4.2,67.95,IV,SkipJack,F
66,5.5,126.27,IV,SkipJack,F
59.5,3.8,89.93,IV,SkipJack,F
54.5,2.8,44.63,IV,SkipJack,F
51,2.6,15.08,III,SkipJack,M
58,4,35.08,II,SkipJack,F
56,3.2,27.99,IV,SkipJack,M
53,2.7,21.92,IV,SkipJack,M
57.5,3.8,73.78,IV,SkipJack,F
55,3,38.04,IV,SkipJack,F
64,4.8,71.44,IV,SkipJack,M
52,3.2,29.63,IV,SkipJack,F
58.4,4,40.73,IV,SkipJack,M
66,5.8,76.1,IV,SkipJack,M
55.2,3,20.79,III,SkipJack,F
51.4,2.7,22.1,III,SkipJack,F
44.5,3.2,38.82,III,SkipJack,M
63,5.2,69.24,I,SkipJack,M
50.5,2.6,6.56,IV,SkipJack,M
59,4.6,53.79,IV,SkipJack,M
64,5.2,128.65,IV,SkipJack,F
63,5.6,88.53,IV,SkipJack,M
51.5,2.4,18.31,III,SkipJack,F
53,2.7,24.11,III,SkipJack,F
52,2.4,19.43,III,SkipJack,F
56,3.6,37.83,IV,SkipJack,F
62.5,4.112,102.22,IV,SkipJack,F
63.3,4.255,216.52,IV,SkipJack,F
65.2,4.415,0,IV,SkipJack,M
64,4.875,0,IV,SkipJack,M
62.5,4.445,132.8,IV,SkipJack,F
63.7,5.42,0,IV,SkipJack,M
67,4.49,0,III,SkipJack,M
59,3.925,0,IV,SkipJack,M
56,3.605,0,II,SkipJack,M
67,6.17,0,IV,SkipJack,M
53,2.855,,III,SkipJack,M
68,6.405,0,IV,SkipJack,M
60.5,4.035,0,IV,SkipJack,M
58,3.725,82.89,IV,SkipJack,F
62,3.71,0,III,SkipJack,M
63,3.855,0,III,SkipJack,M
58.8,3.555,0,IV,SkipJack,M
60,3.62,3.62,IV,SkipJack,F
60,4.175,100.44,IV,SkipJack,F
56,3.495,,III,SkipJack,M
63,3.855,,III,SkipJack,M
51,2.395,120.78,IV,SkipJack,F
49,1.725,75.04,IV,SkipJack,F
50,2.085,,I,SkipJack,F
49,2.16,,III,SkipJack,M
49.5,2.115,,III,SkipJack,M
47,1.905,,II,SkipJack,M
54,2.66,,II,SkipJack,M
60.5,3.9,,II,SkipJack,M
57,3.18,104.81,III,SkipJack,F
62,4.425,163.7,IV,SkipJack,F
75,7.45,,I,SkipJack,M
37,0.8,49.87,IV,SkipJack,F
54,2.66,,II,SkipJack,M
67,5.85,395,III,SkipJack,F
57,3.64,,I,SkipJack,M
78,8.9,224.03,IV,Yellow Fin ,F
85,10.5,57.28,IV,Yellow Fin ,F
89,10.5,0,II,Yellow Fin ,M
58,3.4,0,I,Yellow Fin ,M
88,11.6,0,IV,Yellow Fin ,M
87,9.6,0,IV,Yellow Fin ,M
84.5,8.8,0,II,Yellow Fin ,F
82.1,7.9,0,I,Yellow Fin ,M
80.2,8,0,II,Yellow Fin ,M
84.5,8.4,0,II,Yellow Fin ,M
78.1,6.6,0,II,Yellow Fin ,F
82.3,9.2,0,IV,Yellow Fin ,M
57.7,3,0,I,Yellow Fin ,M
102,12.3,150.3,IV,Yellow Fin ,F
94.7,11.8,206.92,IV,Yellow Fin ,F
88,12,0,I,Yellow Fin ,M
85,8,0,II,Yellow Fin ,M
79,8.7,0,III,Yellow Fin ,M
94,13.2,377.27,IV,Yellow Fin ,F
87,10.8,262.22,IV,Yellow Fin ,F
78.2,7,0,I,Yellow Fin ,M
74,6.3,22.15,II,Yellow Fin ,F
75,6.5,198.74,IV,Yellow Fin ,F
81,8.6,53.44,IV,Yellow Fin ,F
78,8.2,153,III,Yellow Fin ,F
53.6,2,0,I,Yellow Fin ,M
81.7,7.8,0,I,Yellow Fin ,M
86.3,11.2,0,III,Yellow Fin ,M
89,12.3,248.6,III,Yellow Fin ,F
90.5,11.33,187.54,V,Yellow Fin ,F
87,7,24.16,I,Yellow Fin ,F
80.2,7.6,105.04,IV,Yellow Fin ,F
79,7.1,0,IV,Yellow Fin ,M
90,10.5,0,IV,Yellow Fin ,M
79,6.5,0,I,Yellow Fin ,M
81.3,8.2,0,IV,Yellow Fin ,M
80,8.2,0,IV,Yellow Fin ,M
82,8.9,0,III,Yellow Fin ,M
86.7,10.4,0,II,Yellow Fin ,M
80.9,7.8,0,III,Yellow Fin ,M
89,11.9,264.21,III,Yellow Fin ,F
63.5,3.33,4.35,I,Yellow Fin ,M
59.01,2.71,4.23,I,Yellow Fin ,F
62.5,3.32,3.04,I,Yellow Fin ,M
56.51,2.44,6.87,I,Yellow Fin ,F
62.91,3.45,22.45,I,Yellow Fin ,F
57,2.61,2.12,I,Yellow Fin ,M
60.7,3.13,9.51,I,Yellow Fin ,M
60.5,2.85,9.48,I,Yellow Fin ,F
61.2,3.75,6.52,I,Yellow Fin ,M
58,3.64,4.52,I,Yellow Fin ,M
62.5,3.09,10.36,I,Yellow Fin ,F
61.3,2.94,14.03,I,Yellow Fin ,F
61,2.87,0.49,I,Yellow Fin ,M
61.5,3.18,0.52,I,Yellow Fin ,M
59.01,2.46,11.41,I,Yellow Fin ,F
60,2.94,10.31,I,Yellow Fin ,F
58.2,2.56,2.81,I,Yellow Fin ,M
58.13,2.35,4.97,I,Yellow Fin ,F
113,23,10,II,Yellow Fin ,F
95,14,260,IV,Yellow Fin ,M
94,14,280,IV,Yellow Fin ,F
96,15,300,IV,Yellow Fin ,F
97.5,16,250,IV,Yellow Fin ,M
95.5,15,268.73,IV,Yellow Fin ,M
104,19,319.79,IV,Yellow Fin ,M
94,14,258.78,IV,Yellow Fin ,M
94.5,14,250,IV,Yellow Fin ,M
98.5,17,150,II,Yellow Fin ,M
99,18,190,IV,Yellow Fin ,F
94.5,15,300,IV,Yellow Fin ,F
95.5,15.5,255,IV,Yellow Fin ,M
95,14.5,295,IV,Yellow Fin ,F
95.6,14.5,310,IV,Yellow Fin ,F
110,22,480,IV,Yellow Fin ,F
99,15,330,IV,Yellow Fin ,M
98,15,280,IV,Yellow Fin ,M
100,14.86,325,IV,Yellow Fin ,M
99,15.6,400,IV,Yellow Fin ,F
100,16.25,255,IV,Yellow Fin ,F
95,14.5,,I,Yellow Fin ,M
98,13.5,0,I,Yellow Fin ,M
97,15.5,0,I,Yellow Fin ,M
94,13.5,225,IV,Yellow Fin ,F
98,14,381,IV,Yellow Fin ,F
93.5,14,165,IV,Yellow Fin ,M
95,13.5,285,IV,Yellow Fin ,M
90,14,481,IV,Yellow Fin ,F
94,13.5,,IV,Yellow Fin ,F
26,6,8.6,II,Yellow Fin ,F
26,5.5,6.7,II,Yellow Fin ,M
99,17,35,IV,Yellow Fin ,M
102,17,128.1,IV,Yellow Fin ,F
103,18,82.98,II,Yellow Fin ,F
90,14,68.6,II,Yellow Fin ,F
103,19,,II,Yellow Fin ,M
107,21,101.7,III,Yellow Fin ,F
114,21.5,45,V,Yellow Fin ,M
98,17,17,IV,Yellow Fin ,M
193.4,30,500,I,Yellow Fin ,M
204,33,550,III,Yellow Fin ,M
115,24.84,165,VI,Yellow Fin ,M
100,16,215,IV,Yellow Fin ,M
100,15.5,205,IV,Yellow Fin ,M
90.7,16,,IV,Yellow Fin ,M
100,16,215,IV,Yellow Fin ,M
100,15.5,205,IV,Yellow Fin ,M
115,24.85,165,IV,Yellow Fin ,M
72.5,6.4,3.25,I,Yellow Fin ,M
74,7.3,24.12,I,Yellow Fin ,F
73,6.8,4.56,I,Yellow Fin ,F
73,6.6,2.34,I,Yellow Fin ,M
71.5,6.4,20.65,IV,Yellow Fin ,F
73,6.4,2.14,I,Yellow Fin ,M
74.5,6.8,16.93,II,Yellow Fin ,F
73,6.8,3.78,I,Yellow Fin ,M
72,6.7,9.15,I,Yellow Fin ,F
74,7.2,3.3,I,Yellow Fin ,M
73.5,7,8.85,I,Yellow Fin ,F
74.8,6.7,1.53,I,Yellow Fin ,M
73,5.9,6.8,I,Yellow Fin ,F
73.6,6.5,8.79,I,Yellow Fin ,F
75,6.5,9.67,I,Yellow Fin ,F
73.5,6.8,2.59,I,Yellow Fin ,M
72.5,6.5,2.85,I,Yellow Fin ,F
74,6.8,2.78,I,Yellow Fin ,M
75.5,7.5,2.57,I,Yellow Fin ,M
75,7.1,1.59,I,Yellow Fin ,M
75,6.5,3.34,I,Yellow Fin ,M
77.5,7.8,3.08,I,Yellow Fin ,M
73.5,7.5,23.24,I,Yellow Fin ,F
75.4,7.4,15.47,II,Yellow Fin ,F
74,7.2,33.87,I,Yellow Fin ,F
76,6.8,4.89,I,Yellow Fin ,M
74,6.7,10.6,I,Yellow Fin ,F
71.5,6.4,0,V,Yellow Fin ,F
70,5.512,0,I,Yellow Fin ,M
71.2,4.45,13.8,I,Yellow Fin ,F
67,5.87,0,I,Yellow Fin ,M
70,5.72,9.83,I,Yellow Fin ,F
